25200000,-0.027049,-3.20245,-0.016777,0.000214,0.004107,0.116613
25360000,-0.042616,-2.990131,0.002128,0.000406,0.007084,0.225962
25520000,-0.033334,-2.488283,0.0021,0.000256,0.0039,0.50297
25680000,-0.038167,-2.194875,-0.022989,0.000636,0.007143,0.922506
25840000,-0.056955,-2.055497,-0.002629,0.001323,0.004047,0.864685
26080000,-0.0308,-1.496813,-0.019391,0.000363,0.010763,0.482783
26240000,-0.033672,-1.208858,-0.02411,0.001474,0.015669,1.036044
26400000,0.002836,-0.633473,-0.036889,0.000876,0.01476,1.011298
26560000,-0.025421,-0.254838,-0.031383,0.000543,0.008164,0.29556
26720000,-0.028433,-0.179504,-0.031146,0.001353,0.028835,0.306127
26880000,0.028745,0.478236,-0.042919,0.003916,0.011468,0.401668
27040000,0.059531,0.698006,-0.053738,0.003141,0.01522,0.626012
27280000,0.070908,1.118122,-0.053574,0.001998,0.016262,0.687568
27440000,0.063001,1.350805,-0.041226,0.005424,0.00997,0.141713
27600000,-0.028904,1.587302,-0.051747,0.006139,0.006179,1.084248
27760000,0.020756,1.891642,-0.039396,0.009763,0.022889,0.942186
27920000,0.105931,2.389948,-0.02136,0.004101,0.03047,0.845613
28160000,-0.082187,2.713814,-0.028629,0.00139,0.03534,0.33425
28560000,0.036786,3.21589,-0.025824,0.002517,0.02011,0.419457
28800000,0.01833,3.544393,-0.022216,0.001812,0.035798,0.298913
28960000,0.021703,4.045592,-0.009187,0.002795,0.04942,0.125557
29120000,-0.011977,4.39598,0.001292,0.005721,0.063691,1.879711
29280000,-0.057912,4.74263,-0.016551,0.002082,0.038689,0.530134
29600000,-0.049043,5.049401,-0.044482,0.001496,0.05395,0.176485
29840000,-0.050061,5.236118,-0.040765,0.003404,0.088053,0.702553
30080000,-0.141696,5.431033,-0.03319,0.001003,0.033958,0.378971
30320000,-0.115031,5.513751,-0.033437,0.003565,0.014299,0.43192
30640000,-0.111839,5.845969,-0.018763,0.001645,0.024,0.121253
30800000,-0.077094,6.127895,-0.025139,0.002147,0.080929,0.312781
31040000,-0.041562,6.467635,-0.035979,0.004039,0.080399,0.497604
31280000,-0.113262,6.499002,-0.027575,0.001211,0.041876,0.152782
31600000,-0.131351,6.852069,-0.044357,0.002065,0.033737,0.712795
31760000,-0.21271,7.307103,-0.02801,0.000732,0.030653,0.458802
31920000,-0.216934,7.700408,-0.020877,0.000531,0.030823,0.722064
32080000,-0.240763,7.927593,-0.032996,0.002703,0.016239,0.541485
32320000,-0.139726,8.74233,-0.039095,0.004796,0.012206,0.480825
32560000,-0.133847,9.296306,-0.00293,0.00478,0.011358,0.240049
32800000,-0.245279,9.611552,0.004919,0.002932,0.009839,0.281473
33200000,-0.313001,10.267626,-0.001292,0.013502,0.030366,0.324132
33440000,-0.277071,10.54593,0.003638,0.007154,0.047412,0.577374
33680000,-0.171574,10.995984,-0.014029,0.001774,0.020401,0.158652
34000000,-0.126842,11.547853,0.005051,0.007625,0.025427,0.042654
34240000,-0.282487,12.012239,0.007308,0.008614,0.00925,0.015764
34560000,-0.301292,12.905997,0.011591,0.001489,0.01437,0.535961
34800000,-0.290744,13.201506,-0.008541,0.002952,0.018389,0.234122
34960000,-0.308571,13.521663,-0.002392,0.003194,0.009663,0.210419
35200000,-0.183269,13.637876,0,0.00136,0.043259,0.329664
35440000,-0.204641,14.184492,0.002128,0.003395,0.032644,0.347329
35600000,-0.231965,14.496716,0.01611,0.006888,0.019196,0.072226
35840000,-0.235586,14.987576,0.028816,0.004847,0.016055,0.159268
36000000,-0.250664,15.54675,0.016957,0.005578,0.012054,0.183584
36160000,-0.170028,16.167471,0.025215,0.003898,0.00335,0.46032
36320000,-0.147822,16.368004,0.020467,0.012272,0.013042,0.48016
36480000,-0.085059,16.661177,0.033203,0.005705,0.019228,0.316243
36880000,-0.149565,17.081694,0.010225,0.003992,0.006859,0.412515
37120000,-0.150537,17.649065,0.01874,0.009038,0.017016,0.475913
37280000,-0.162001,18.124039,0.020808,0.003403,0.008784,0.510343
37440000,-0.114684,18.688643,0.015278,0.006771,0.015737,0.127962
37600000,-0.103763,19.424587,0.034496,0.007478,0.003304,0.816259
38000000,-0.132124,20.050678,0.048241,0.002975,0.056129,0.16374
38320000,-0.033581,20.626833,0.026732,0.002512,0.033325,0.594257
38640000,-0.046586,21.489975,-0.000691,0.001901,0.00893,0.410671
38800000,-0.048397,21.740122,0.039378,0.001057,0.037579,0.526571
39040000,0.024057,22.378342,0.045184,0.005555,0.064352,0.43482
39200000,0.072133,22.63059,0.04161,0.002617,0.054239,0.328603
39440000,0.144381,23.081299,0.047324,0.003479,0.035037,0.439854
39680000,0.172587,23.535563,0.056933,0.003701,0.022094,0.4588
39920000,0.18197,23.675493,0.055084,0.00428,0.011449,0.714563
40160000,0.255573,24.12973,0.065965,0.003742,0.029005,0.70612
40400000,0.266099,24.571575,0.071596,0.003401,0.022325,1.207242
40560000,0.258143,25.274687,0.074302,0.001493,0.027207,0.702774
40800000,0.336565,26.177338,0.06998,0.001801,0.032705,1.18495
41040000,0.276469,26.137852,0.101506,0.000117,0.017682,0.703577
41200000,0.396649,26.884186,0.065799,0.002308,0.067758,0.757855
41360000,0.468688,27.2005,0.065754,0.007239,0.045567,1.070672
41520000,0.372906,27.574207,0.027007,0.003218,0.037902,0.718313
41680000,0.390597,28.232309,0.033755,0.001466,0.04915,1.378363
41840000,0.427472,28.358168,0.062328,0.001813,0.007787,0.43583
42000000,0.435887,28.692753,0.024417,0.002043,0.003826,0.683102
42160000,0.299993,28.965014,0.043833,0.002932,0.004819,0.433486
42320000,0.366735,29.371092,0.018839,0.001211,0.010795,0.457023
42480000,0.263657,29.761431,-0.008301,0.007085,0.011636,0.382944
42640000,0.302882,30.05443,-0.023658,0.003072,0.011666,0.509678
42800000,0.307306,30.417374,-0.018918,0.004862,0.017441,0.311998
42960000,0.272567,30.861816,-0.017781,0.007289,0.00551,0.64664
43120000,0.171727,31.361509,-0.002392,0.013866,0.022988,0.514827
43280000,0.108148,31.706905,-0.021927,0.03356,0.014263,0.19348
43440000,0.095953,31.967947,-0.033241,0.007505,0.042069,0.209077
43760000,0.179331,32.983097,-0.04668,0.017724,0.048197,1.076622
43920000,0.187597,33.227531,-0.041359,0.016162,0.064487,0.512703
44160000,0.243273,33.752895,-0.025144,0.005264,0.067162,1.517472
44320000,0.255914,34.208233,-0.041379,0.006157,0.064246,3.450239
44480000,0.384479,34.371693,-0.044037,0.005568,0.041964,0.599299
44640000,0.286315,34.651684,-0.047463,0.004378,0.042172,2.389186
44800000,0.4103,35.050102,-0.053748,0.00666,0.051612,0.887333
44960000,0.381778,35.288021,-0.066007,0.001166,0.030675,0.620875
45120000,0.294298,35.643845,-0.075359,0.002351,0.058928,1.853051
45280000,0.334239,36.054203,-0.078339,0.002992,0.067245,2.922334
45520000,0.364751,36.283932,-0.08509,0.001205,0.078109,2.289653
45680000,0.378499,36.431095,-0.075838,0.001773,0.04086,2.460853
45920000,0.369276,36.868267,-0.067859,0.002292,0.003389,0.459918
46240000,0.36707,37.144108,-0.079887,0.005679,0.05316,2.995833
46560000,0.35796,37.24015,-0.093772,0.00538,0.052346,2.400195
46960000,0.351394,37.576904,-0.074631,0.001382,0.074814,2.209295
47280000,0.462164,37.969368,-0.047395,0.002709,0.082616,2.771677
47440000,0.441847,38.147419,-0.055674,0.000656,0.060774,2.127172
47600000,0.417062,38.450768,-0.03968,0.003697,0.086547,2.814778
47760000,0.457707,38.894619,-0.033783,0.001825,0.03651,1.436988
47920000,0.519131,39.305943,-0.020165,0.002585,0.022007,0.723621
48160000,0.513048,39.837391,0.030792,0.004659,0.007726,0.913342
48320000,0.554205,40.166405,0.035697,0.001151,0.002347,0.80324
48560000,0.577515,40.407757,0.077235,0.000474,0.005226,0.466403
48720000,0.652736,40.734505,0.097626,0.002751,0.002581,1.162258
48880000,0.840488,40.858707,0.110743,0.004147,0.010138,1.991689
49120000,1.162335,41.332081,0.201377,0.003764,0.007686,0.656932
49360000,1.224872,41.853428,0.276125,0.011707,0.018976,2.936122
49680000,1.4249,42.112782,0.351005,0.001057,0.00723,0.545462
49920000,1.636124,42.806305,0.548347,0.00217,0.015524,0.381596
50160000,2.163541,43.302471,0.752106,0.002838,0.014402,0.245693
50320000,2.483875,43.828808,0.813487,0.015425,0.012047,0.859757
50480000,2.925191,44.304985,0.930971,0.012942,0.009672,0.441471
50640000,3.3868,44.704041,1.084362,0.007106,0.014325,1.238364
50880000,3.583618,44.715969,1.118642,0.012395,0.005338,0.876429
51040000,3.639034,44.828251,1.196208,0.004597,0.003141,1.174273
51200000,4.048206,44.822979,1.196416,0.010528,0.006337,0.932548
51360000,4.075286,44.788971,1.23359,0.003941,0.002425,0.545899
51520000,4.516216,44.812275,1.290143,0.00285,0.004787,0.322897
51760000,5.21411,45.078251,1.371695,0.009663,0.005511,0.341121
51920000,5.77605,44.988434,1.466875,0.007222,0.003524,0.30143
52160000,6.190551,44.949863,1.502373,0.012845,0.006236,0.733799
52320000,6.459267,45.145374,1.498419,0.011622,0.005755,0.2912
52480000,6.888024,45.12281,1.5233,0.003484,0.014224,0.322057
52640000,7.145061,44.841301,1.547201,0.002558,0.008734,0.407647
52800000,8.004467,45.046772,1.592271,0.013742,0.011487,0.744475
52960000,8.44634,44.948002,1.612268,0.011628,0.001348,0.453324
53120000,8.896215,44.990448,1.56367,0.01307,0.009266,0.777233
53280000,9.215098,45.014839,1.558087,0.016491,0.011443,0.151776
53600000,9.235902,45.059273,1.551596,0.007066,0.005882,0.422753
53840000,9.760595,44.964455,1.546948,0.031458,0.007434,1.686279
54160000,9.88783,45.171955,1.562413,0.017021,0.001818,0.34537
54480000,10.633652,45.146343,1.553808,0.024855,0.004996,0.898411
54800000,10.930688,45.234558,1.539012,0.011267,0.008073,0.884522
55040000,11.332006,45.1861,1.545391,0.052312,0.002194,0.764944
55280000,11.594569,45.323757,1.531097,0.037255,0.003889,0.303612
55440000,11.387466,45.366844,1.52573,0.019572,0.00107,0.226184
55600000,11.573388,45.361423,1.531591,0.01678,0.006416,0.995653
55760000,11.821427,45.290974,1.54993,0.008818,0.002174,0.07463
55920000,12.203582,45.367275,1.539789,0.015462,0.00423,1.023867
56160000,12.564314,45.419964,1.519564,0.018821,0.005892,0.812844
56800000,13.432044,45.429749,1.537152,0.004592,0.012474,0.353644
57040000,13.671809,45.503944,1.541841,0.040971,0.013202,0.732186
57200000,13.791942,45.418633,1.561759,0.01122,0.004014,0.316189
57360000,14.140884,45.327942,1.54057,0.009824,0.002612,0.095202
57520000,15.019958,45.257839,1.55613,0.023507,0.011812,0.72102
57840000,15.186082,45.464073,1.549778,0.014187,0.013211,0.071108
58080000,15.580243,45.553005,1.550858,0.030035,0.00748,0.505928
58240000,15.848688,45.47662,1.538646,0.021442,0.020002,0.434762
58480000,16.486799,45.619595,1.537172,0.031316,0.002159,0.847024
58720000,17.512836,45.668316,1.545046,0.108496,0.005885,1.514526
58960000,17.723928,45.610615,1.557076,0.074425,0.014557,0.867047
59120000,18.025965,45.532837,1.538266,0.089974,0.032703,0.835777
59280000,18.514256,45.456326,1.536836,0.047494,0.024154,0.796023
59520000,18.599627,45.544701,1.54837,0.060579,0.009135,0.750237
59680000,18.872087,45.49445,1.555269,0.015654,0.009511,1.236104
59840000,19.438747,45.442711,1.566904,0.04017,0.002792,0.682917
60080000,20.195465,45.30909,1.577119,0.068979,0.00951,0.828176
60320000,20.60841,45.339245,1.57252,0.067083,0.010721,0.475796
60560000,21.600403,45.344753,1.580061,0.031266,0.025355,0.508834
60720000,21.588779,45.257961,1.582623,0.074727,0.017212,0.536286
60960000,22.204344,45.228664,1.575204,0.047098,0.013674,0.240999
61120000,22.57424,45.096699,1.592275,0.021669,0.014489,0.760912
61440000,22.453749,45.117809,1.581107,0.047611,0.003587,0.787489
61600000,23.169149,45.136902,1.585755,0.013078,0.013059,0.308643
61760000,24.177109,45.163399,1.569453,0.043622,0.013743,0.542153
61920000,24.840031,45.17115,1.565214,0.027934,0.008881,0.467074
62160000,25.36162,45.303036,1.529133,0.061765,0.016742,0.456177
62480000,26.180513,45.497955,1.542887,0.189189,0.008169,0.340119
62720000,26.373684,45.693668,1.5274,0.147383,0.014762,0.462493
62960000,27.037786,45.716213,1.538874,0.217267,0.015358,1.498151
63120000,27.074919,45.713013,1.541557,0.166859,0.006386,0.244408
63280000,27.671143,45.889004,1.558219,0.230989,0.006098,0.466905
63520000,28.038395,45.761486,1.549562,0.093497,0.016006,0.499227
63680000,28.744123,45.967991,1.538868,0.073701,0.006449,0.39792
63840000,29.326944,45.848797,1.53933,0.051196,0.006441,0.882179
64080000,29.049395,45.938816,1.549334,0.256091,0.020455,0.584414
64240000,29.671915,45.820538,1.563612,0.075756,0.01413,0.16715
64400000,30.035568,45.94492,1.566047,0.115901,0.010425,0.68966
64560000,30.401733,45.846344,1.585337,0.108402,0.005376,1.52563
64800000,30.481236,45.598938,1.595214,0.070907,0.005716,0.974956
65120000,30.143507,45.826317,1.615531,0.176836,0.002865,2.330119
65360000,29.990479,45.434116,1.6564,0.22165,0.00707,2.43718
65680000,30.527365,45.359711,1.69711,0.096819,0.007731,4.35481
65840000,31.305807,45.531048,1.70942,0.103322,0.023168,2.358468
66000000,31.905533,45.595192,1.783696,0.067949,0.028609,4.084414
66240000,32.070957,45.75465,1.823314,0.137122,0.034258,2.705094
66400000,33.070705,45.666889,1.839209,0.020251,0.063678,2.544474
66560000,33.225132,45.677433,1.870486,0.040845,0.043485,5.059103
66720000,33.565151,45.581062,1.855986,0.036836,0.017381,2.887907
66880000,34.057503,45.58707,1.894368,0.093145,0.016504,2.110791
67040000,34.394623,45.407459,1.921974,0.0883,0.022907,0.790568
67200000,35.343437,45.263691,1.978895,0.053094,0.053771,0.179896
67440000,35.772736,44.976421,2.0592,0.044949,0.0372,4.223748
67600000,35.918606,44.911465,2.065425,0.01101,0.044942,4.160659
67840000,36.183949,44.623878,2.127695,0.02699,0.019943,4.580162
68000000,36.412289,44.616455,2.210301,0.014458,0.03127,4.179641
68160000,36.353737,44.532352,2.258922,0.027672,0.057919,2.079258
68400000,37.102726,44.429024,2.368831,0.021012,0.014581,2.819137
68560000,37.661472,43.980297,2.47219,0.011797,0.018201,1.690336
68720000,37.924316,43.595032,2.574817,0.003226,0.017308,0.461819
69200000,38.110054,43.03194,2.665039,0.003195,0.016915,0.085419
69360000,38.247734,42.787907,2.719454,0.020501,0.021167,0.26403
69520000,38.307434,42.537262,2.770018,0.003643,0.011998,0.206339
69680000,38.568035,42.180706,2.852907,0.007599,0.021195,0.91709
70000000,38.692104,41.68848,2.881549,0.008782,0.012099,1.950704
70160000,38.718678,41.304928,2.938636,0.011872,0.024278,0.725187
70320000,38.878284,41.045403,2.993346,0.003338,0.016142,0.164354
70560000,38.93961,40.867268,3.005291,0.001124,0.008438,0.130198
70800000,38.856083,40.306644,3.068806,0.002206,0.01615,0.657878
70960000,38.788971,40.077,3.052187,0.00883,0.01752,0.915432
71280000,38.749214,39.122662,3.105527,0.009855,0.031088,0.325915
71440000,38.823967,39.084713,3.098623,0.014814,0.009598,0.275938
71680000,39.028923,38.772915,3.111871,0.006203,0.035722,0.591745
71840000,38.797955,38.571339,3.099021,0.004068,0.015368,0.522419
72000000,38.93259,38.394146,3.097166,0.007837,0.00812,0.74192
72240000,39.00605,37.656403,3.123725,0.001389,0.013118,0.293383
72400000,38.880096,37.278778,3.097189,0.005123,0.005805,0.098332
72560000,38.964378,36.663433,3.09978,0.004739,0.005942,0.197169
72720000,38.987244,36.235939,3.103898,0.004346,0.008376,0.234849
72880000,39.118443,36.292076,3.101379,0.013298,0.026836,0.080667
73040000,39.069786,35.721363,3.106291,0.005294,0.012886,0.416703
73200000,38.819653,34.96093,3.107981,0.004298,0.029183,0.38987
73360000,38.996632,34.784405,3.107118,0.007117,0.023575,0.093916
73600000,38.909473,34.412663,3.105738,0.008779,0.020068,0.18789
73840000,38.984127,33.461372,3.117666,0.011587,0.01525,0.278901
74080000,38.830578,33.015724,3.12143,0.012158,0.014735,0.216794
74240000,38.747169,32.66782,3.130917,0.009403,0.009048,0.05417
74400000,38.66703,32.294167,3.131913,0.009933,0.007902,0.075413
74720000,38.805332,32.029697,3.129259,0.004873,0.005092,0.227582
74960000,38.826111,31.582884,3.135133,0.022086,0.015359,0.206227
75200000,38.864632,31.396418,3.135683,0.008374,0.015115,0.192418
75360000,38.919838,31.048063,3.138725,0.008134,0.015063,0.021355
75520000,38.971844,30.62232,3.132341,0.006721,0.004404,0.038964
75760000,38.933521,30.31336,3.139702,0.005198,0.013331,0.062499
75920000,38.890808,29.963266,-3.135161,0.005744,0.010448,0.095873
76080000,38.88834,29.66234,-3.138683,0.004329,0.004647,0.053107
76320000,38.808765,29.240274,-3.135633,0.007472,0.018474,0.024821
76560000,38.830345,28.59621,-3.126734,0.013226,0.021518,0.077816
76800000,38.900341,28.323364,-3.130136,0.006199,0.022833,0.197505
77200000,38.754036,27.770107,-3.121961,0.020198,0.014445,0.117843
77360000,38.871521,27.359022,-3.112409,0.013789,0.015296,0.082736
77600000,38.939983,26.629679,-3.114619,0.016439,0.01129,0.167206
77840000,38.915047,25.999022,-3.110905,0.026368,0.008412,0.035107
78080000,38.967335,25.516455,-3.114619,0.010172,0.03417,0.082456
78240000,38.9529,25.418917,-3.100221,0.014736,0.011202,0.133496
78480000,38.919415,24.307905,-3.104534,0.005621,0.048998,0.145293
78720000,38.923473,23.660269,-3.100185,0.013273,0.045167,0.133272
78960000,39.031033,23.524969,-3.117176,0.016205,0.055671,0.220146
79200000,38.903988,22.939337,-3.103814,0.01326,0.059794,0.122092
79360000,38.700867,22.71694,-3.102124,0.002372,0.051586,0.133888
79520000,38.578117,22.215366,-3.104017,0.005505,0.012814,0.349117
79760000,38.569447,21.901701,-3.11504,0.005135,0.045826,0.459082
80000000,38.574097,21.320444,-3.117844,0.005163,0.009525,0.340622
80160000,38.711781,20.992483,-3.111963,0.014894,0.012617,0.347446
80400000,38.641209,20.648836,-3.10277,0.008676,0.011179,0.465008
80560000,38.6619,20.285902,-3.107418,0.007519,0.013314,0.413572
80800000,38.730858,19.767651,-3.105598,0.006134,0.010484,0.208686
80960000,38.791016,19.567728,-3.111983,0.007776,0.009857,0.676688
81200000,38.604717,19.086729,-3.110719,0.003093,0.029784,0.317143
81440000,38.658779,18.855421,-3.112789,0.005377,0.010862,0.097942
81600000,38.757267,18.656223,-3.123215,0.0155,0.017399,0.051989
81920000,38.885853,18.185369,-3.123303,0.019375,0.002571,0.166758
82080000,38.979755,17.948006,-3.124901,0.015631,0.010008,0.128521
82320000,38.684044,17.72456,-3.126981,0.007661,0.0249,0.072003
82480000,38.600163,17.170786,-3.112715,0.009049,0.005819,0.185878
82640000,38.719261,16.832531,-3.11721,0.008995,0.021802,0.250837
82800000,38.730389,16.170521,-3.122298,0.008271,0.043979,0.280971
83040000,38.781006,15.960561,-3.122786,0.007,0.051445,0.23619
83280000,38.726841,15.4326,-3.116244,0.004246,0.03357,0.175088
83520000,38.648529,14.98746,-3.12069,0.006946,0.007766,0.193927
83680000,38.635517,14.45926,-3.120163,0.007559,0.033511,0.076698
83840000,38.751308,14.205032,-3.114161,0.005183,0.031462,0.29612
84080000,38.783833,13.881271,-3.113326,0.005414,0.03104,0.152335
84240000,38.901058,13.146485,-3.128391,0.010755,0.011199,0.090171
84400000,38.75861,12.948179,-3.120537,0.009076,0.038889,0.115048
84560000,38.672974,12.533639,-3.127137,0.003531,0.0197,0.297575
84720000,38.660206,12.028701,-3.117151,0.019951,0.02632,0.103028
84880000,38.776432,11.455832,-3.110533,0.015754,0.032149,0.265315
85040000,38.772118,11.35285,-3.109158,0.009616,0.025701,0.122595
85200000,38.72768,11.077664,-3.124454,0.006458,0.048509,0.338661
85440000,38.676208,10.749125,-3.128963,0.01416,0.018967,0.173635
85600000,38.554817,10.092496,-3.12555,0.004004,0.041166,0.311606
85760000,38.582935,9.872397,-3.120438,0.008853,0.044037,0.500004
85920000,38.679436,9.600045,-3.121021,0.007597,0.011134,0.271188
86080000,38.670128,9.436586,-3.115447,0.00312,0.023008,0.056965
86240000,38.76437,8.879041,-3.116178,0.003247,0.020005,0.076251
86400000,38.758858,8.452159,-3.109383,0.00546,0.008916,0.080891
86640000,38.674656,8.06057,-3.116456,0.006262,0.015177,0.1217
86800000,38.779453,7.650857,-3.113087,0.006787,0.019265,0.128967
86960000,38.896343,7.572614,-3.123167,0.014302,0.013751,0.217518
87120000,38.804661,6.874446,-3.080846,0.003393,0.018169,0.47697
87280000,38.779991,6.290298,-3.075881,0.005926,0.004888,0.132154
87440000,38.640476,5.909793,-3.089092,0.011616,0.007218,1.08471
87680000,38.6073,5.529845,-3.101712,0.008996,0.00757,0.207679
87840000,38.435276,5.342472,-3.110006,0.004276,0.02012,0.605225
88080000,38.415344,4.992553,-3.120534,0.008455,0.012894,0.339392
88240000,38.452972,4.65042,-3.111812,0.006096,0.018273,0.318987
88400000,38.639549,4.416806,-3.111182,0.008528,0.020636,0.256986
88560000,38.501038,4.109896,-3.131374,0.004735,0.008774,0.103476
88720000,38.650661,3.635393,-3.120421,0.013532,0.023859,0.436949
88880000,38.63364,3.367452,-3.124756,0.021523,0.008258,0.176598
89040000,38.782139,3.237236,3.13789,0.010064,0.019675,0.196051
89280000,38.674828,3.173335,-3.141247,0.020679,0.008789,0.440801
89520000,38.782253,2.719149,3.108507,0.022711,0.007874,0.410837
89680000,38.748844,2.455871,3.107797,0.017569,0.01897,0.335869
89840000,38.556877,1.929555,3.060896,0.014555,0.027463,0.869236
90000000,38.45232,1.699201,3.056196,0.028831,0.06225,0.637423
90160000,38.75296,1.441285,3.036158,0.005855,0.086481,0.441693
90320000,38.844048,1.019644,2.962271,0.007254,0.047461,0.37109
90480000,38.950092,0.684988,2.92756,0.01311,0.045002,0.767915
90800000,39.016579,0.450398,2.916571,0.020748,0.044474,0.900204
90960000,39.861248,-0.211875,2.816286,0.017676,0.034901,5.232272
91120000,40.033688,-0.535398,2.785171,0.02693,0.014412,0.919287
91360000,40.790581,-0.905338,2.662277,0.013064,0.023508,1.645397
91600000,41.528187,-1.43937,2.560246,0.073464,0.055972,5.785575
91920000,41.525051,-1.672116,2.547281,0.033673,0.039593,1.412847
92160000,41.248592,-2.013664,2.476387,0.010757,0.004356,1.457524
92320000,41.366482,-2.283056,2.409889,0.025326,0.013826,2.45146
92480000,41.386971,-2.621152,2.3507,0.014043,0.01473,3.654686
92720000,42.035206,-2.803666,2.339003,0.017901,0.028044,3.11111
92880000,42.782215,-3.028089,2.27777,0.063663,0.01989,3.320887
93040000,42.973114,-3.469172,2.216719,0.020246,0.022936,2.89417
93200000,43.254948,-3.679806,2.161911,0.046022,0.015111,4.976682
93520000,43.3592,-3.927024,2.140236,0.03815,0.03866,2.159412
93680000,43.225067,-3.890886,2.107369,0.030493,0.007155,1.245299
93840000,43.276348,-4.178266,2.071853,0.04254,0.025905,0.726266
94080000,43.421047,-4.303393,2.05422,0.039014,0.026214,0.757799
94480000,43.372009,-4.393353,2.019259,0.043011,0.003909,1.020828
94640000,43.438129,-4.379974,1.953237,0.039634,0.001805,1.679609
94800000,43.308998,-4.467889,1.924011,0.009243,0.022334,0.62161
94960000,43.324409,-4.380435,1.914801,0.006582,0.063733,0.696678
95120000,43.722782,-4.628035,1.868815,0.031645,0.022226,1.676446
95360000,44.530762,-5.010201,1.853513,0.017754,0.004815,0.467687
95520000,45.172085,-4.917181,1.786324,0.021303,0.002663,0.277447
95760000,45.718739,-4.932815,1.760171,0.025588,0.007549,0.447176
96000000,45.898754,-4.907013,1.73711,0.020816,0.004813,0.249774
96240000,46.505184,-4.919901,1.695984,0.005319,0.010079,1.001604
96400000,46.793789,-4.774394,1.687251,0.019885,0.003142,0.69472
96560000,47.261559,-4.79612,1.627241,0.013503,0.003563,1.214189
96800000,47.422211,-4.748276,1.634247,0.0147,0.004331,1.991915
97040000,48.081429,-4.814059,1.57932,0.009871,0.004173,1.007813
97200000,48.666359,-4.834903,1.543446,0.037136,0.011387,1.621683
97360000,48.775627,-4.75829,1.533863,0.027145,0.008373,0.995526
97520000,49.230824,-4.898769,1.525952,0.043743,0.007399,0.314735
97680000,50.017735,-4.951398,1.481228,0.004033,0.008261,1.291692
97920000,50.451748,-5.051076,1.477364,0.007607,0.008055,0.24508
98080000,50.721996,-4.854367,1.447754,0.006868,0.008977,0.237085
98240000,51.046318,-4.90276,1.425124,0.017895,0.001466,2.116349
98400000,51.244915,-4.778969,1.410297,0.002914,0.001943,0.321947
98560000,51.749542,-4.680393,1.365205,0.009251,0.008666,0.963828
98800000,51.921856,-4.533927,1.33844,0.010267,0.004908,1.120482
98960000,52.530678,-4.722483,1.261179,0.015411,0.003345,1.366673
99120000,53.209042,-4.475652,1.147425,0.003488,0.001513,1.026245
99360000,53.476093,-4.306102,1.105209,0.008271,0.004933,0.765154
99520000,53.813488,-4.050184,1.042301,0.010911,0.021659,0.236973
99760000,54.09206,-3.699844,0.974449,0.005619,0.021954,2.130441
100000000,54.671078,-3.117246,0.904146,0.007578,0.027939,0.869818
100240000,54.856724,-2.821469,0.814977,0.020418,0.007108,1.872725
100560000,55.346436,-2.688646,0.815206,0.004524,0.009235,1.89124
100720000,55.475349,-2.548751,0.798092,0.006328,0.011376,1.117836
100880000,55.742867,-2.422702,0.773188,0.005135,0.010585,0.234011
101120000,55.745716,-2.245116,0.733028,0.005258,0.012549,0.297574
101440000,55.854755,-2.000528,0.686931,0.015367,0.013019,0.978669
101680000,55.988548,-1.996315,0.641477,0.004884,0.004623,1.126151
101840000,56.106571,-1.942186,0.602591,0.014114,0.014242,2.655514
102160000,56.750641,-1.381464,0.536609,0.00826,0.02068,1.952877
102400000,57.097435,-1.085046,0.467066,0.021787,0.015338,0.201809
102560000,57.038296,-0.861389,0.402949,0.007605,0.012698,0.829798
102720000,57.147297,-0.579209,0.339759,0.009906,0.003995,0.303444
102880000,57.149746,-0.135509,0.30993,0.003512,0.022324,0.129079
103120000,57.369987,0.509917,0.231333,0.007635,0.010214,0.114545
103280000,57.537148,0.904549,0.197538,0.006843,0.012305,0.385844
103440000,57.599983,1.419218,0.138621,0.008687,0.00253,1.118327
103600000,57.77224,1.875903,0.110147,0.011567,0.017659,0.921368
103760000,57.781036,2.425059,0.065978,0.01089,0.02271,0.911422
103920000,57.906391,2.899012,0.06175,0.012372,0.010282,0.351806
104160000,57.769127,3.211308,0.038549,0.003809,0.014773,1.154058
104320000,57.765728,3.243155,0.042189,0.01056,0.013229,0.750123
104560000,57.918709,3.904768,0.018516,0.003564,0.00657,0.184871
104720000,57.872952,4.869521,-0.023282,0.018344,0.014791,0.730506
104880000,57.797581,5.140625,-0.048258,0.01184,0.045499,0.204939
105040000,57.823944,5.656776,-0.041442,0.004713,0.050437,0.798036
105200000,57.842102,5.729607,-0.02904,0.007289,0.107548,0.957334
105440000,57.64603,6.083592,-0.029844,0.003148,0.009342,0.980868
105600000,57.71209,6.520972,-0.057021,0.010089,0.032327,0.657109
105760000,57.682774,6.629649,-0.074416,0.020202,0.028754,1.300471
105920000,57.547092,6.787221,-0.035222,0.034513,0.035676,1.017193
106080000,57.371197,7.338475,-0.044044,0.047404,0.028222,0.612926
106320000,57.415764,7.701009,-0.045886,0.02302,0.064668,0.818102
106480000,57.409603,8.334276,-0.034677,0.036256,0.062387,0.440743
106640000,57.468899,8.886455,-0.034756,0.020511,0.092228,0.663581
106800000,57.374859,9.205606,-0.014282,0.016607,0.108107,2.159961
106960000,57.435902,9.568802,-0.019608,0.013165,0.058121,0.430345
107120000,57.637341,10.251569,-0.029176,0.007423,0.067869,1.065026
107280000,57.522411,10.320062,-0.023736,0.002699,0.038326,0.626576
107440000,57.495842,10.987575,-0.019593,0.004946,0.124177,1.125509
107600000,57.445534,11.607688,0.000691,0.014942,0.206626,2.673897
107760000,57.368298,12.174911,-0.015747,0.024797,0.279573,2.865148
108160000,57.612919,12.526323,-0.024001,0.004171,0.287483,0.673699
108320000,57.571003,12.947593,-0.007067,0.003574,0.361727,1.121297
108640000,57.578472,13.523333,-0.0021,0.009864,0.676963,1.174781
108800000,57.471714,13.530707,-0.002868,0.004395,0.130563,0.293659
109040000,57.608589,13.921514,-0.01928,0.002525,0.636208,0.533656
109280000,57.633308,14.190324,-0.024636,0.000842,0.688375,0.344419
109440000,57.658028,14.375642,0.018532,0.007733,0.756765,0.384447
109600000,57.582146,14.554543,0.009917,0.017867,0.657896,0.346153
109760000,57.572449,14.571001,-0.004354,0.035203,0.698551,0.969738
110000000,57.572639,14.695456,-0.017951,0.028457,0.379348,0.247429
110160000,57.622345,14.695716,0.018355,0.02479,0.481701,0.611492
110320000,57.757225,14.973562,-0.004129,0.006221,0.341877,0.085923
110640000,57.689373,15.522156,0.014067,0.009757,0.326973,1.046371
110880000,57.634106,16.076357,-0.011606,0.007741,0.252557,0.551277
111120000,57.600361,15.766783,-0.015348,0.006032,0.221757,0.421958
111280000,57.697483,16.332764,-0.014526,0.001711,0.135264,0.926571
111440000,57.695942,16.518564,-0.023683,0.006582,0.108168,0.31507
111680000,57.701172,17.294115,-0.027121,0.008605,0.019573,0.131763
111920000,57.650581,17.973698,-0.023009,0.006216,0.036605,0.324633
112080000,57.731731,18.336628,-0.008748,0.003794,0.067033,0.48011
112320000,57.724468,18.754917,-0.017253,0.001648,0.043082,0.461373
112480000,57.706776,19.264391,-0.022469,0.001919,0.045172,0.617912
112640000,57.720577,19.417034,-0.009802,0.003594,0.042038,0.841948
112880000,57.728748,19.601492,-0.011759,0.003926,0.023947,0.42694
113120000,57.797916,20.197681,-0.007042,0.005411,0.075419,0.655476
113280000,57.763618,20.285198,-0.02243,0.005249,0.091484,0.414695
113440000,57.765533,21.086847,-0.018804,0.004698,0.108922,0.721623
113600000,57.688068,21.327637,-0.033284,0.015611,0.045266,0.860226
113760000,57.776867,21.386658,-0.016798,0.002045,0.028045,0.262689
114080000,57.706623,21.771591,-0.0243,0.006514,0.025827,0.27918
114240000,57.713196,22.075958,-0.017415,0.011235,0.05719,0.50811
114400000,57.672291,22.723001,-0.02943,0.014493,0.06384,0.564073
114640000,57.864983,23.152025,-0.016791,0.008323,0.047024,0.355043
114800000,58.006496,23.746264,-0.029216,0.007009,0.048642,0.892204
114960000,57.943668,23.736048,-0.046364,0.011488,0.035372,1.06874
115120000,57.934635,24.549534,-0.035561,0.010365,0.036958,0.947867
115280000,57.984081,25.037075,-0.042979,0.007878,0.0092,0.873158
115440000,58.015446,25.899618,-0.045757,0.020211,0.006344,1.427809
115600000,57.922253,26.01436,0.004085,0.020033,0.010384,0.450032
115760000,58.00864,26.629274,0.010647,0.008971,0.009372,0.693566
115920000,58.012646,26.866713,0.014419,0.007815,0.021798,1.248134
116160000,57.969055,27.505621,0.021197,0.003139,0.038985,0.904262
116400000,57.953426,27.728901,0.000772,0.006129,0.020638,0.971505
116640000,58.172947,28.556885,-0.01947,0.00348,0.032166,0.394347
116800000,58.151363,29.008329,0.011097,0.004259,0.027955,0.319773
116960000,58.128502,29.1374,0.021287,0.009691,0.049168,1.755799
117280000,58.254486,30.077074,-0.017707,0.0099,0.051663,0.209582
117440000,58.343288,30.222378,-0.058499,0.010604,0.05376,0.454832
117600000,58.355347,30.595974,-0.050439,0.004427,0.058277,0.355378
117760000,58.382549,30.899548,-0.054633,0.005792,0.102017,0.518789
118080000,58.42551,31.288618,-0.06744,0.004113,0.048995,0.260341
118240000,58.415226,31.63916,-0.040925,0.004836,0.014258,0.373554
118400000,58.427235,31.977339,-0.04526,0.003796,0.025401,0.480159
118560000,58.3634,32.052006,-0.041596,0.007731,0.022314,0.105041
118720000,58.353817,32.400871,-0.042829,0.003913,0.020208,0.283765
118880000,58.380283,32.525928,-0.044027,0.005583,0.045997,0.165081
119040000,58.352814,32.929089,-0.054929,0.01165,0.029782,0.274709
119280000,58.416626,33.291546,-0.0321,0.012595,0.04673,0.240271
119440000,58.405602,33.855221,-0.047522,0.010497,0.097169,0.103085
119680000,58.391262,34.756947,-0.051334,0.012211,0.081432,0.245749
119840000,58.431835,35.441555,-0.051069,0.011735,0.0465,0.216121
120160000,58.36652,35.82262,-0.012956,0.012405,0.022871,0.597501
120320000,58.362003,36.021336,-0.030294,0.002376,0.02788,0.243736
120480000,58.297707,36.252155,-0.032729,0.002766,0.011509,0.115663
120640000,58.256184,36.362236,-0.044045,0.003829,0.022979,0.817891
120800000,58.236473,36.670372,-0.037911,0.00311,0.010346,0.385175
120960000,58.335411,37.031658,-0.034473,0.001609,0.00797,0.4924
121120000,58.217644,37.309116,-0.052231,0.012616,0.009578,0.438173
121280000,58.109684,37.679852,-0.057271,0.004761,0.018006,0.691586
121520000,58.31324,38.12373,-0.020957,0.002955,0.00845,0.497319
121760000,58.170048,38.260612,-0.04874,0.002648,0.014499,0.510959
121920000,58.281605,38.677525,-0.021337,0.000801,0.020308,0.45444
122160000,58.292385,39.10014,-0.034677,0.006337,0.011718,0.300031
122320000,58.295326,39.188362,-0.028698,0.003233,0.024856,0.422684
122560000,58.242271,39.532833,-0.019978,0.002135,0.046369,0.51505
122800000,58.170628,39.887138,-0.041897,0.002528,0.007139,0.622175
122960000,58.204815,40.263615,-0.056277,0.00294,0.008187,0.35068
123120000,58.059212,40.511852,-0.074135,0.003445,0.006358,0.365215
123360000,58.134357,40.812237,-0.111019,0.006012,0.00793,1.753523
123520000,58.00243,41.108341,-0.160063,0.003848,0.006115,2.667094
123680000,57.891319,41.349739,-0.175088,0.005847,0.019347,1.586629
123920000,57.788509,41.612022,-0.209755,0.023619,0.010366,1.420567
124240000,57.63084,41.883793,-0.240906,0.032338,0.024848,0.453992
124480000,57.494167,42.430309,-0.303983,0.036357,0.016108,0.894699
124640000,57.252644,42.747108,-0.360162,0.065322,0.071295,0.469033
124800000,56.936253,43.313503,-0.43605,0.066764,0.016506,0.989638
125040000,56.557858,43.776226,-0.477148,0.03078,0.014314,1.518652
125280000,56.477665,44.129322,-0.528075,0.019058,0.005533,2.428448
125440000,56.352009,44.563103,-0.611717,0.02921,0.022594,0.675793
125760000,55.736385,44.948772,-0.637736,0.083164,0.051371,2.443055
125920000,55.126427,45.360775,-0.674257,0.31637,0.044864,4.974777
126080000,54.612175,45.567261,-0.69847,0.324248,0.072462,1.163072
126240000,54.278866,45.872791,-0.807808,0.345798,0.105539,3.62703
126480000,53.90086,46.115871,-0.897342,0.272063,0.040714,3.901475
126800000,53.326115,46.563507,-0.959623,0.173531,0.007573,2.787184
126960000,52.915913,46.66217,-1.023076,0.182973,0.006356,0.557418
127200000,52.230705,46.890064,-1.099847,0.338116,0.010346,1.582745
127440000,52.018883,46.966972,-1.154614,0.223542,0.008242,1.018471
127600000,51.536125,47.101696,-1.217506,0.544732,0.024032,1.950561
127920000,51.472603,47.153049,-1.283018,0.336172,0.023815,0.571228
128240000,51.173603,47.003014,-1.33415,0.576183,0.01685,4.113894
128400000,50.998833,46.845821,-1.383878,0.374934,0.030815,2.943137
128560000,50.980564,46.865849,-1.381324,0.535259,0.096503,3.799337
128720000,50.646351,47.030804,-1.422029,0.513705,0.05221,2.163838
128960000,50.355503,47.363964,-1.428846,0.376074,0.006304,3.015421
129120000,50.17654,47.322212,-1.426926,0.112442,0.003733,3.519586
129280000,50.308247,47.333714,-1.439651,0.208156,0.007474,3.491285
129440000,49.848015,47.412437,-1.434333,0.100481,0.007502,0.42453
129680000,49.562073,47.481464,-1.457637,0.102428,0.0037,0.412174
129920000,49.355537,47.510155,-1.471066,0.048622,0.006804,0.470652
130080000,49.285198,47.447132,-1.50601,0.034084,0.007779,0.318815
130320000,49.013088,47.428799,-1.503131,0.028843,0.002603,0.837079
130560000,48.705647,47.590733,-1.544029,0.067471,0.005575,0.348501
130800000,48.488033,47.558174,-1.552604,0.016439,0.010131,0.374162
131120000,47.702168,47.476616,-1.560716,0.011714,0.005449,0.627354
131360000,47.568451,47.347168,-1.568686,0.035957,0.017238,0.338549
131600000,47.188023,47.462158,-1.592761,0.1013,0.012278,0.59247
131760000,47.086922,47.455647,-1.602289,0.064326,0.010683,2.369348
132000000,46.250893,47.290295,-1.630647,0.020912,0.026752,0.472053
132160000,46.135891,47.368221,-1.633307,0.057471,0.010635,1.20305
132320000,45.690098,47.168766,-1.655455,0.036924,0.016213,3.027103
132480000,45.167042,46.97546,-1.64132,0.114663,0.034177,3.004333
132720000,44.55888,47.031879,-1.695455,0.019003,0.036334,0.855967
132880000,43.924011,47.033318,-1.731928,0.011841,0.055399,0.382219
133040000,43.958492,47.010357,-1.762817,0.005645,0.045697,0.600522
133280000,43.218872,46.808033,-1.810178,0.0313,0.047454,1.067874
133440000,42.895084,46.587749,-1.835498,0.005038,0.050925,0.49676
133680000,42.516636,46.377964,-1.92731,0.016413,0.074102,0.043772
133840000,42.058498,45.996838,-2.035405,0.025312,0.089839,0.673868
134080000,41.317139,45.23177,-2.180324,0.048175,0.231857,1.948402
134320000,40.807758,43.737862,-2.314054,0.018381,0.139095,0.734081
134560000,40.540894,43.201172,-2.391239,0.07538,0.078313,2.611072
134720000,39.82539,43.053852,-2.425049,0.018972,0.022114,0.320995
134880000,39.503742,43.29752,-2.486518,0.028492,0.017717,2.047419
135040000,39.407421,43.608875,-2.578676,0.042776,0.020251,2.12099
135200000,39.512234,42.89629,-2.671493,0.020712,0.06589,1.179738
135520000,39.429359,42.876396,-2.735703,0.003383,0.011698,1.65249
135920000,38.921989,42.299091,-2.801477,0.008111,0.023915,0.582743
136080000,38.700375,42.001957,-2.857105,0.0199,0.036321,1.669274
136320000,38.503635,41.694557,-2.899043,0.017979,0.024667,0.494036
136480000,38.372589,41.631245,-2.938087,0.021811,0.033471,0.79781
136640000,38.178577,41.772358,-2.944913,0.02182,0.02048,0.868658
136800000,38.408699,41.359432,-2.991933,0.013031,0.011542,0.84138
136960000,38.456215,41.148235,-2.996885,0.005009,0.021146,0.785242
137200000,38.476624,40.961121,-3.004553,0.027632,0.016744,0.323794
137360000,38.624599,40.577663,-3.021545,0.017154,0.033883,0.333518
137520000,38.446068,40.374981,-3.043436,0.010806,0.017414,0.502866
137680000,38.346886,40.219952,-3.039611,0.013657,0.026824,0.304897
137840000,38.632133,39.612465,-3.065239,0.006838,0.032381,0.636638
138000000,38.662376,39.170795,-3.058343,0.012273,0.071858,0.053051
138160000,38.783329,39.00491,-3.074884,0.003591,0.188322,0.735023
138320000,38.571896,38.720482,-3.067291,0.00258,0.070982,0.325412
138560000,38.607597,38.60445,-3.087037,0.006114,0.053463,0.794794
138720000,38.800144,38.138012,-3.111919,0.007828,0.024402,0.115327
138880000,38.798115,37.984463,-3.100563,0.008646,0.015886,0.406639
139120000,38.609966,37.24828,-3.126519,0.009375,0.02313,0.243961
139360000,38.469185,36.932739,3.127124,0.003917,0.004439,0.167037
139520000,38.551338,36.597527,3.121466,0.005442,0.023091,0.074742
139840000,38.72216,36.252926,3.12925,0.010605,0.027295,0.346209
140080000,38.675266,36.177124,3.123738,0.005809,0.023598,0.220315
140240000,38.708546,35.875546,3.117967,0.001336,0.021651,0.119073
140480000,38.839325,35.491035,3.129385,0.00091,0.022241,0.174082
140640000,38.718098,35.122337,3.121433,0.002991,0.013344,0.196891
140800000,38.617455,34.520542,3.120396,0.006269,0.016204,0.410557
140960000,38.675102,34.329876,3.117609,0.004319,0.031342,0.282087
141120000,38.66692,33.700783,3.122672,0.002859,0.024822,0.158932
141280000,38.68119,33.569187,3.126734,0.017548,0.029982,0.232388
141440000,38.670174,33.199497,3.140255,0.011934,0.034533,0.437441
141600000,38.562889,32.944023,3.127038,0.003667,0.021996,0.186659
141760000,38.417286,32.517483,-3.139201,0.013675,0.01116,0.291591
141920000,38.572483,32.254021,3.137522,0.006352,0.023951,0.064064
142080000,38.689964,31.684927,-3.129667,0.007762,0.024748,0.04612
142400000,38.802399,31.341732,-3.137025,0.007437,0.028073,0.031697
142960000,38.788361,30.51086,-3.141247,0.006232,0.01127,0.04679
143200000,38.694668,30.080301,-3.130895,0.006997,0.007686,0.128353
143440000,38.751392,29.282888,-3.121997,0.012808,0.005475,0.03874
143600000,38.765697,28.866468,-3.110535,0.013647,0.029843,0.119856
143760000,38.652134,28.484041,-3.135378,0.012543,0.00807,0.140707
143920000,38.611713,28.033838,-3.127054,0.00771,0.022408,0.166702
144080000,38.734928,27.621161,-3.123102,0.01089,0.012169,0.092575
144240000,38.675682,27.50499,-3.123313,0.010758,0.032889,0.061101
144400000,38.730145,26.955074,-3.104636,0.021701,0.025358,0.050704
144720000,38.825191,26.555038,-3.121082,0.024715,0.011016,0.171398
144880000,38.82795,26.137264,-3.117724,0.034885,0.02552,0.21081
145440000,38.758919,25.762606,-3.115507,0.018234,0.032874,0.224898
145600000,38.696419,25.409916,-3.101223,0.015068,0.005969,0.485868
145840000,38.861717,25.018793,-3.101194,0.004512,0.034682,0.150323
146080000,38.603813,24.522169,-3.098265,0.004838,0.036939,0.128688
146400000,38.7533,23.941164,-3.107773,0.00668,0.026265,0.386912
146560000,38.721256,23.359894,-3.117669,0.00661,0.075607,0.15977
146720000,38.577839,22.778067,-3.113053,0.003827,0.051079,0.198847
146960000,38.412853,21.643644,-3.122926,0.005628,0.014411,0.317085
147120000,38.414116,21.303286,-3.113751,0.005604,0.019468,0.169665
147280000,38.442059,20.820459,-3.116733,0.014702,0.005874,0.385567
147440000,38.4417,20.774366,-3.108445,0.009282,0.011181,0.261794
147600000,38.448559,20.323273,-3.113333,0.006681,0.018616,0.217629
147760000,38.594051,20.143661,-3.109526,0.011196,0.008353,0.336314
147920000,38.515804,19.690678,-3.109127,0.01401,0.002911,0.24832
148080000,38.456989,19.632601,-3.114399,0.001479,0.015621,0.296903
148240000,38.539345,19.414734,-3.113168,0.008828,0.015256,0.240104
148400000,38.503849,19.188829,-3.104047,0.004495,0.011871,0.1984
148560000,38.525333,18.770525,-3.117804,0.004472,0.002716,0.063393
148720000,38.719753,18.420853,-3.121345,0.004411,0.010496,0.211648
148960000,38.614502,17.689236,-3.123251,0.003058,0.004914,0.476633
149120000,38.29565,17.284781,-3.115031,0.008926,0.010453,0.503477
149280000,38.378105,16.640497,-3.109494,0.004467,0.011347,0.146297
149680000,38.477428,15.944573,-3.124185,0.007622,0.006178,0.068425
149920000,38.397102,15.362547,-3.128445,0.002761,0.010572,0.261629
150080000,38.355843,14.979581,-3.12515,0.002296,0.018558,0.337935
150240000,38.324505,14.714409,-3.121186,0.00788,0.004346,0.316414
150400000,38.397423,14.449,-3.127265,0.002336,0.020845,0.031305
150640000,38.423889,14.060989,-3.132112,0.004559,0.013291,0.451145
150800000,38.504185,13.653618,-3.118625,0.002627,0.023662,0.180902
151040000,38.637871,13.231147,-3.111218,0.012614,0.035954,0.168994
151440000,38.519756,12.972287,-3.110929,0.008791,0.035092,0.086929
151680000,38.520576,12.538401,-3.121216,0.016336,0.031001,0.468862
152000000,38.541481,12.199873,-3.120005,0.010711,0.034572,0.181518
152240000,38.524746,11.928514,-3.117639,0.00987,0.021823,0.050815
152400000,38.529751,11.613939,-3.091688,0.014701,0.014539,0.632613
152640000,38.590748,11.310975,-3.104483,0.016842,0.028255,0.171399
152800000,38.533535,11.424895,-3.116399,0.008572,0.017026,0.292601
152960000,38.592537,10.75738,-3.121861,0.00665,0.022257,0.125167
153280000,38.569389,10.613765,-3.122468,0.004727,0.030509,0.319654
153440000,38.428097,10.082515,-3.124862,0.005688,0.015437,0.580452
153680000,38.533764,9.618402,-3.10496,0.008382,0.048772,0.118626
153840000,38.590862,9.170159,-3.098138,0.007615,0.057228,0.120247
154000000,38.562618,8.881124,-3.10727,0.007057,0.011739,0.022473
154160000,38.610729,8.704329,-3.102033,0.003518,0.011357,0.036001
154320000,38.587669,8.281211,-3.11749,0.007221,0.008804,0.03069
154480000,38.590611,7.93559,-3.111022,0.006698,0.011295,0.112532
154720000,38.799431,7.454929,-3.11045,0.007433,0.028502,0.210867
154880000,38.724644,6.59138,-3.08198,0.00609,0.019814,0.359462
155040000,38.600578,6.028982,-3.082576,0.005736,0.012037,0.135117
155200000,38.42218,5.473285,-3.072388,0.003617,0.017187,0.684546
155360000,38.10677,4.687169,-3.096618,0.0086,0.006852,0.199853
155520000,38.157173,4.282012,-3.102419,0.003407,0.011468,0.266267
155680000,38.113331,4.126753,-3.1027,0.00633,0.006028,0.316752
155840000,38.338665,3.68461,-3.114648,0.008352,0.009442,0.07681
156000000,38.191418,3.452159,-3.107069,0.006488,0.00596,0.63088
156160000,38.277313,3.142601,-3.109061,0.004891,0.015213,0.265539
156320000,38.316582,2.81873,-3.111858,0.007553,0.015311,0.511747
156480000,38.186459,2.318274,-3.101905,0.014965,0.013786,0.451264
156720000,38.118252,2.095467,-3.09385,0.00702,0.004402,0.738719
156960000,38.039211,1.762385,-3.064138,0.012555,0.018916,0.381266
157120000,38.014355,1.45124,-3.051539,0.008335,0.010169,0.60114
157280000,38.334866,1.185793,-3.024264,0.025941,0.012151,0.063505
157440000,38.322872,0.893002,-3.005121,0.002221,0.004533,0.269284
157600000,38.304432,0.480186,-2.960222,0.017886,0.017862,0.732796
157760000,37.951988,0.243191,-2.871988,0.015361,0.028769,1.007642
158000000,37.923088,-0.161375,-2.793447,0.000604,0.007045,0.566646
158240000,37.798267,-0.416293,-2.736461,0.008917,0.010209,0.471159
158560000,37.600903,-0.809483,-2.643569,0.013166,0.042253,1.068638
158800000,37.773163,-0.873587,-2.581196,0.020655,0.051042,0.43818
158960000,37.621937,-1.31526,-2.523553,0.022838,0.034644,0.512863
159120000,37.502834,-1.594856,-2.477169,0.012236,0.033526,0.233339
159280000,37.483421,-1.908784,-2.37975,0.005087,0.014713,2.188709
159440000,37.33012,-2.116157,-2.344114,0.00852,0.021344,1.932007
159600000,37.177631,-2.157088,-2.309222,0.006379,0.023249,0.756287
159760000,37.195187,-2.360969,-2.257131,0.009048,0.04489,0.366333
159920000,36.879486,-2.577407,-2.203519,0.004947,0.014368,1.129072
160240000,36.27317,-2.676657,-2.155941,0.002984,0.004828,0.839568
160560000,35.3736,-3.131739,-1.963909,0.043768,0.010386,0.758561
160720000,34.966724,-3.265603,-1.903903,0.012947,0.018245,0.450692
160960000,34.649807,-3.330238,-1.837318,0.0571,0.01981,1.236974
161120000,34.258709,-3.406844,-1.753884,0.02077,0.007868,0.388974
161280000,34.131081,-3.489105,-1.704327,0.050066,0.008299,1.799902
161440000,33.913445,-3.438059,-1.678113,0.016496,0.003362,0.535001
161600000,33.402477,-3.441061,-1.642488,0.02128,0.010629,0.798779
161840000,32.719852,-3.486308,-1.571739,0.04643,0.008467,0.135564
162000000,32.041695,-3.446765,-1.572713,0.006002,0.011311,0.581458
162160000,31.442953,-3.450873,-1.545541,0.016456,0.012974,0.167318
162400000,31.291685,-3.444767,-1.527309,0.051384,0.019782,0.253464
162560000,30.902723,-3.510477,-1.521234,0.032557,0.027707,0.300871
162720000,30.468748,-3.478367,-1.515581,0.01939,0.015328,0.159939
162880000,29.888794,-3.522737,-1.521203,0.060729,0.005263,0.133776
163280000,29.626852,-3.512683,-1.522766,0.0427,0.00613,0.286728
163520000,29.201435,-3.387972,-1.491187,0.023619,0.008682,0.409995
163840000,28.702082,-3.488264,-1.493563,0.007852,0.000768,0.485746
164000000,28.266817,-3.366648,-1.522193,0.020228,0.005688,0.49391
164160000,27.972513,-3.325283,-1.493894,0.007698,0.003238,0.241668
164320000,27.536892,-3.239906,-1.533617,0.034532,0.003276,0.160497
164640000,27.264431,-3.147934,-1.546885,0.034944,0.009967,0.207289
164880000,26.879488,-3.230923,-1.555942,0.04609,0.002226,0.211593
165040000,26.402866,-3.204137,-1.555498,0.026291,0.002934,0.115663
165200000,25.978359,-3.186345,-1.553677,0.033428,0.005444,0.095202
165440000,25.153185,-3.115895,-1.569365,0.023022,0.002664,0.346712
165680000,24.775509,-3.183421,-1.572984,0.016535,0.008545,0.12142
165920000,24.360321,-3.088811,-1.587088,0.017985,0.003316,0.111861
166240000,24.089613,-3.096173,-1.590382,0.013623,0.002811,0.119073
166480000,23.805882,-3.008641,-1.598246,0.014698,0.003057,0.087823
166720000,23.48823,-2.991161,-1.601367,0.01853,0.00246,0.101352
167040000,23.237226,-2.863894,-1.604321,0.012086,0.007918,0.121365
167280000,23.104708,-2.79562,-1.610241,0.02427,0.003103,0.146689
167440000,22.467207,-2.488494,-1.605513,0.013376,0.001444,0.070884
167600000,22.278788,-2.486029,-1.607159,0.011488,0.002545,0.465351
167760000,21.733603,-2.436578,-1.599128,0.016335,0.002083,0.132992
167920000,21.287382,-2.426743,-1.60194,0.02116,0.000493,0.121979
168080000,20.862392,-2.356792,-1.583913,0.013688,0.004089,0.22635
168240000,20.340546,-2.262794,-1.590434,0.051935,0.008403,0.057691
168400000,19.852186,-2.27491,-1.596122,0.066284,0.005316,0.136514
168720000,19.747578,-2.244337,-1.597721,0.042803,0.014822,0.277112
169040000,19.081223,-2.249892,-1.592851,0.018598,0.015102,0.344645
169280000,19.151951,-2.2996,-1.598703,0.128872,0.016324,0.327093
169440000,18.94874,-2.32486,-1.56523,0.082029,0.01851,0.226239
169600000,18.772039,-2.308779,-1.552989,0.036538,0.003747,0.284546
169840000,17.607113,-2.343489,-1.579519,0.046371,0.00134,0.229313
170080000,16.510431,-2.431376,-1.576543,0.011722,0.00685,0.145794
170320000,16.118692,-2.284595,-1.616447,0.04197,0.002732,0.316858
170480000,15.170226,-2.246334,-1.580739,0.012538,0.004653,0.29053
170720000,14.450728,-2.305423,-1.573458,0.029514,0.001895,0.226127
170960000,14.106925,-2.255522,-1.554878,0.032541,0.003067,0.279573
171200000,13.744914,-2.357709,-1.558959,0.023168,0.003897,0.17369
171440000,13.435786,-2.270307,-1.567319,0.006685,0.001961,0.126564
171680000,12.917388,-2.269018,-1.562385,0.024679,0.000577,0.130534
171840000,12.485127,-2.307852,-1.559004,0.011998,0.001229,0.174752
172000000,11.957269,-2.265031,-1.556972,0.018759,0.000992,0.03807
172160000,11.59836,-2.286405,-1.550876,0.005788,0.001002,0.158931
172320000,11.107146,-2.352713,-1.562094,0.011294,0.00135,0.212207
172480000,10.089597,-2.276066,-1.561165,0.007053,0.002208,0.176373
172800000,9.507621,-2.330722,-1.560372,0.026037,0.003939,0.090395
172960000,8.64915,-2.164083,-1.564346,0.015387,0.000432,0.269174
173200000,7.75648,-2.187289,-1.568887,0.006387,0.002399,0.230936
173440000,7.315178,-2.074985,-1.57409,0.001216,0.000549,0.204157
173600000,6.466268,-2.084289,-1.558782,0.003842,0.0005,0.205947
173920000,5.7592,-2.15015,-1.569332,0.021254,0.00177,0.21886
174080000,5.428841,-2.118244,-1.562324,0.017112,0.00165,0.490051
174400000,5.104351,-2.125744,-1.581549,0.004575,0.001969,0.264478
174560000,4.42261,-2.167577,-1.557607,0.00341,0.000449,0.43437
174800000,3.957704,-2.200507,-1.56303,0.004997,0.009195,0.166758
174960000,3.324183,-2.258425,-1.566994,0.011138,0.013309,0.055735
175120000,2.660826,-2.336631,-1.548802,0.011995,0.021919,0.040753
175360000,1.784495,-2.18829,-1.537614,0.002225,0.005099,0.335532
175600000,1.284357,-2.129038,-1.539827,0.013137,0.002864,0.429232
175760000,0.801992,-2.088651,-1.554208,0.039337,0.002074,0.383053
176000000,0.242387,-2.094852,-1.533671,0.030914,0.00492,0.739554
176160000,-0.425015,-2.163688,-1.540969,0.033071,0.007384,0.25134
176480000,-0.86995,-2.208284,-1.53349,0.015831,0.007549,1.749789
176640000,-1.033497,-2.254179,-1.503553,0.018482,0.008918,2.259101
176880000,-1.135081,-2.223482,-1.504525,0.017446,0.005009,1.125959
177200000,-1.808852,-2.344702,-1.547609,0.038226,0.008791,0.166143
177360000,-2.321839,-2.35524,-1.550874,0.005479,0.014398,0.230489
177600000,-2.842442,-2.236562,-1.56998,0.019701,0.00378,0.280523
177760000,-3.227373,-2.288802,-1.586702,0.013102,0.006514,0.305512
177920000,-3.87491,-2.284408,-1.584591,0.014403,0.007893,0.453376
178080000,-4.323012,-2.357394,-1.573992,0.053847,0.005564,0.354537
178400000,-4.521084,-2.38835,-1.570601,0.006201,0.001432,0.46881
178640000,-5.142408,-2.286419,-1.569623,0.010144,0.002259,0.190797
178880000,-5.820483,-2.44105,-1.551718,0.016311,0.013264,0.265205
179040000,-6.122607,-2.609312,-1.541299,0.02095,0.010359,0.304733
179280000,-6.438034,-2.525907,-1.552152,0.022541,0.012131,0.545895
179440000,-6.755719,-2.682661,-1.545741,0.025497,0.015806,0.137185
179680000,-7.018037,-2.577501,-1.543614,0.002639,0.027879,0.685907
179920000,-7.58819,-2.468751,-1.571186,0.025011,0.014796,0.157758
180240000,-7.928889,-2.480437,-1.546611,0.040918,0.04845,0.502018
180400000,-8.302453,-2.499287,-1.546809,0.025479,0.018509,0.100234
180560000,-8.796727,-2.51661,-1.547712,0.031979,0.009079,0.474674
180720000,-9.324836,-2.561333,-1.557098,0.023525,0.019467,0.09509
180880000,-9.671792,-2.396621,-1.551911,0.04641,0.005289,0.248547
181280000,-9.938944,-2.562071,-1.547575,0.011444,0.028209,0.492182
181520000,-10.286962,-2.562281,-1.565131,0.007263,0.012047,1.11406
181680000,-10.920627,-2.547435,-1.549796,0.011751,0.010306,0.493122
181840000,-11.360356,-2.655943,-1.550985,0.009292,0.001343,0.146521
182240000,-12.368262,-2.598673,-1.54487,0.009275,0.001291,0.146353
182560000,-12.677592,-2.551423,-1.559475,0.020827,0.002884,0.232835
182720000,-12.68229,-2.702309,-1.548894,0.022566,0.003529,0.302941
182880000,-12.969197,-2.585563,-1.564395,0.010555,0.007633,0.218692
183040000,-13.260816,-2.564884,-1.562931,0.030333,0.00459,0.457514
183360000,-13.919671,-2.537133,-1.561085,0.006933,0.001531,0.212433
183520000,-14.187025,-2.604726,-1.572906,0.024914,0.006645,0.118234
183680000,-15.064572,-2.508369,-1.598682,0.062344,0.003809,0.624345
184080000,-15.624872,-2.5644,-1.5867,0.047009,0.002183,0.273646
184240000,-16.16511,-2.673163,-1.575209,0.129892,0.008555,0.088494
184560000,-16.935068,-2.740587,-1.58986,0.1118,0.012869,0.239771
184720000,-17.107708,-2.611274,-1.591681,0.024944,0.00667,0.252346
184880000,-18.121962,-2.683557,-1.592897,0.01707,0.007405,0.516884
185360000,-19.67869,-2.629748,-1.561574,0.029657,0.006296,0.438621
185520000,-20.206285,-2.618962,-1.565897,0.040021,0.00552,0.865052
185840000,-20.713461,-2.721291,-1.570853,0.01161,0.007634,0.178498
186000000,-21.266005,-2.683983,-1.583265,0.061591,0.003698,0.236973
186160000,-22.39362,-2.600342,-1.554593,0.202577,0.002312,0.168994
186320000,-23.196152,-2.607168,-1.598912,0.148197,0.003373,0.256314
186640000,-24.102793,-2.657309,-1.609294,0.326424,0.003193,0.25559
186800000,-24.285221,-2.606366,-1.624227,0.066711,0.00085,0.181293
187120000,-24.931797,-2.552291,-1.59504,0.023071,0.001712,0.242116
187440000,-25.693213,-2.550459,-1.60231,0.054011,0.001939,0.500338
187600000,-25.956144,-2.501403,-1.593729,0.019953,0.003496,0.506658
187840000,-26.287441,-2.560465,-1.587741,0.011457,0.001587,0.348338
188160000,-27.941031,-2.592112,-1.627174,0.016992,0.002219,0.324184
188320000,-28.748579,-2.599141,-1.61297,0.060354,0.001768,0.280189
188480000,-29.606306,-2.612784,-1.626922,0.031745,0.003164,0.366502
188640000,-30.249447,-2.629346,-1.642716,0.051303,0.004166,0.994584
188800000,-30.508081,-2.623126,-1.641525,0.051452,0.003723,0.593981
188960000,-31.656504,-2.562869,-1.648486,0.055758,0.003223,0.446457
189120000,-32.680386,-2.591346,-1.641894,0.051166,0.005021,0.575147
189280000,-33.60688,-2.62571,-1.631486,0.028903,0.001518,0.113091
189440000,-34.474529,-2.623924,-1.626977,0.023732,0.002851,0.040417
189600000,-34.513042,-2.639963,-1.63686,0.020787,0.001177,0.228531
189760000,-35.531288,-2.638315,-1.660986,0.037272,0.000541,0.451035
189920000,-36.000317,-2.785939,-1.657066,0.025064,0.003146,0.770662
190080000,-36.513176,-2.87858,-1.666063,0.021411,0.00405,0.560493
190240000,-37.326168,-2.959462,-1.66894,0.017184,0.005598,0.443541
190400000,-38.459713,-2.973396,-1.662784,0.143159,0.005251,1.418285
190560000,-39.762348,-2.96673,-1.671198,0.227539,0.006337,1.30816
190720000,-39.980824,-3.031457,-1.636747,0.140827,0.005955,1.245626
190880000,-41.024147,-2.961334,-1.675001,0.089192,0.001263,1.023746
191040000,-42.223278,-2.883481,-1.693185,0.077858,0.001507,0.781333
191200000,-42.883137,-2.933303,-1.671593,0.050449,0.002437,0.572233
191360000,-43.27182,-2.92691,-1.677054,0.022206,0.001819,0.454893
191520000,-43.71743,-2.929731,-1.669415,0.035683,0.005698,1.188589
192320000,-44.059986,-2.890092,-1.686478,0.031999,0.002799,0.889854
192480000,-44.468163,-2.884137,-1.683129,0.043051,0.000709,0.811188
192640000,-45.454929,-2.933611,-1.66153,0.016812,0.001117,1.094685
192960000,-46.271782,-2.987547,-1.641379,0.067624,0.001242,0.991025
193120000,-46.693504,-2.99076,-1.668364,0.056475,0.002584,1.453333
193280000,-47.049801,-3.011529,-1.640815,0.049638,0.003114,1.21472
193520000,-47.321301,-3.104237,-1.627448,0.012155,0.006569,1.023277
193680000,-47.439449,-3.198479,-1.623918,0.144695,0.003838,0.7707
193920000,-47.864807,-3.238558,-1.631226,0.102277,0.003085,0.667606
194160000,-48.165497,-3.307135,-1.667696,0.013377,0.004379,0.748734
194320000,-47.684357,-3.250299,-1.644895,0.016761,0.006325,0.250281
194480000,-47.968719,-3.327953,-1.646402,0.035521,0.005216,0.265319
194720000,-47.774799,-3.31475,-1.63845,0.005033,0.001763,0.671025
194880000,-48.042995,-3.343948,-1.655668,0.114889,0.001067,0.896534
195040000,-48.391541,-3.405744,-1.689073,0.015882,0.00206,0.374441
195200000,-49.610863,-3.63664,-1.669473,0.065676,0.004978,0.139031
195360000,-49.752815,-3.696739,-1.70389,0.013084,0.005754,0.049977
195600000,-50.263103,-3.767206,-1.751961,0.019995,0.00396,0.45064
195760000,-43.970234,-3.183376,-1.864292,2.538902,0.013949,7.014715
195920000,-37.783688,-2.721209,-1.797517,4.304166,0.042002,8.183777
